policy_number,average_path_deviation
PN00006252,81.15184706218832
PN00004684,47.6083985968232
PN00001731,52.31559899920758
PN00004742,25.052058641717856
PN00004521,60.50430168104724
PN00006340,30.290480866983504
PN00000576,57.72840145429821
PN00005202,16.967811557406986
PN00006363,15.94690923411588
PN00000439,41.702974119199354
PN00002750,42.68195151105408
PN00007487,26.810926491253905
PN00005272,13.159685036669
PN00005653,3.9210539213897055
PN00003999,2.5231827287816144
PN00006033,27.155029000647566
PN00000582,46.18534421619371
PN00009930,72.6243281306127
PN00007051,47.4871700714009
PN00008158,90.40508194352817
PN00009896,3.5219804575407077
PN00002249,18.066062154063435
PN00004640,33.85144927701427
PN00009485,57.749618806512245
PN00004947,85.27361578939424
PN00009920,35.02019519565764
PN00001963,26.79886825044201
PN00008243,6.188916884289575
PN00006590,82.13034776981041
PN00008847,37.966644320667896
PN00000321,57.15501954169343
PN00002678,98.35554181712205
PN00004625,0.15945706042945762
PN00004949,14.545014069886598
PN00008328,77.91109940193554
PN00003337,80.51274852078379
PN00005589,76.92471190327555
PN00000251,53.699889104282924
PN00003973,97.88569810230561
PN00006630,39.61845599953205
PN00005547,60.19436981131123
PN00000035,6.33690045488483
PN00008362,40.98574499073388
PN00001513,72.2500087509922
PN00009317,23.873884077069928
PN00000039,94.38275890731485
PN00004819,68.6783367643289
PN00003465,28.757538285757146
PN00001760,76.89989227058564
PN00002304,8.31647718081091
PN00003723,97.47744225104566
PN00008284,4.928525907355851
PN00004993,93.34558911487183
PN00008127,25.28538777482612
PN00003032,75.78241076908905
PN00007938,0.007369943310608917
PN00003039,25.424008917959974
PN00009655,74.910060664972
PN00002545,53.233607089732224
PN00002592,11.495214963711486
PN00001188,39.36297458372753
PN00007966,37.55493550845426
PN00006077,56.81622441809498
PN00000107,66.79770724602177
PN00001315,84.083024241225
PN00008187,49.72313969773726
PN00002753,39.20217173051701
PN00009753,14.397653409538169
PN00006231,80.48229649897223
PN00002876,71.33704054145599
PN00005323,40.86773974546853
PN00000799,51.84323099426694
PN00003570,66.51828444118888
PN00002894,16.480558984753777
PN00002927,2.719779440792025
PN00008178,31.750369918668543
PN00000971,59.55850196361631
PN00006687,48.66060912814587
PN00008575,69.25546268631271
PN00002020,81.96898055745352
PN00009054,48.84424667302759
PN00000952,13.426702371782484
PN00005359,85.06279997989658
PN00003857,57.49903272741144
PN00005861,73.99374807828707
PN00003145,70.46646536082916
PN00003305,96.82117713312417
PN00003006,29.530732233581393
PN00009001,70.5306772779262
PN00007770,36.56763331259183
PN00007438,39.54107209186417
PN00007942,23.059463665872148
PN00009238,34.40101756508539
PN00001056,94.82967516582632
PN00003154,29.257084694760096
PN00003787,24.599060595658674
PN00009189,58.3137978473822
PN00007825,25.80359567417546
PN00007539,47.3385725594295
PN00007231,83.4176256556237
PN00000764,23.040031430717555
PN00005019,42.66914121839201
PN00004903,61.04897350200319
PN00008093,54.562892457348546
PN00006843,97.47232374152372
PN00002165,68.03702543951951
PN00001862,73.99462420484399
PN00007850,96.69559479667332
PN00009123,41.4438025228521
PN00002340,35.53798150610512
PN00005527,4.386242976638255
PN00006743,18.420430651882715
PN00004003,23.718963205167586
PN00001123,18.350446707133848
PN00008709,75.47838931965644
PN00004049,53.58829812761117
PN00007640,66.76338014584672
PN00000765,82.04621608393737
PN00002344,23.077394128589468
PN00004071,32.592393982149915
PN00007216,70.83602670365968
PN00004216,39.27589459044728
PN00007952,2.927094010104414
PN00005970,43.4955219026878
PN00003350,90.82730864154142
PN00004695,40.90215115928747
PN00003399,33.2248916442747
PN00004081,98.95250829450272
PN00009149,64.44155642370131
PN00001224,36.59980264711808
PN00006292,10.201953136380737
PN00003122,78.78494449464212
PN00000510,70.80749334877576
PN00005794,92.1915799248565
PN00008181,21.72756300280083
PN00009417,11.492434998823198
PN00000096,72.40725264090636
PN00006681,20.339584199869563
PN00001512,17.61038377894961
PN00008791,31.980733539607208
PN00000119,81.68251414784376
PN00007791,53.953660510963076
PN00006517,4.5850355102280975
PN00000033,46.38946746593172
PN00007887,68.39796113664752
PN00006830,53.83684384690157
PN00005421,57.2450218156556
PN00001068,22.477732839266462
PN00001347,84.7739331595348
PN00004747,56.13987175911242
PN00006005,71.32460130406766
PN00006039,98.18642170133025
PN00003817,42.819865767453216
PN00008446,88.10666126765085
PN00005269,0.7281013941125014
PN00006897,3.34072926151201
PN00005309,59.027992172881696
PN00000031,31.144939554220063
PN00005674,24.827656701970024
PN00004386,27.793535720895857
PN00000029,31.840293461058756
PN00004202,72.8947696143423
PN00007507,56.919597223094456
PN00000735,78.90359725593335
PN00002067,83.0196579835052
PN00000106,84.29348593012821
PN00009644,41.46441491748875
PN00008894,42.12733963164108
PN00008020,92.6265880140584
PN00002232,66.17635946044105
PN00000993,8.046718397913876
PN00009412,54.218695409246834
PN00007058,35.600725963490696
PN00006789,98.74349897163631
PN00000360,1.3655406462292574
PN00000304,61.218087307055804
PN00002627,72.3623094398858
PN00008965,28.890677135735523
PN00004513,97.36415182565321
PN00005910,85.95366270217113
PN00008313,91.56528409858124
PN00003100,1.923205935154848
PN00005703,56.987215131480895
PN00003898,29.46502419545467
PN00005440,84.9028634935663
PN00007930,63.28496569149624
PN00000621,53.887700432110975
PN00007235,11.458816967560569
PN00002498,54.02228047861908
PN00000713,63.19041463564267
PN00008403,95.59123093102045
PN00002855,58.505101042386954
PN00004269,96.74006017456544
PN00002908,96.16061156066621
PN00008080,65.02003358335975
PN00004516,50.59079841180887
PN00001261,46.602174382604936
PN00003160,89.03785611157826
PN00000970,2.8256682971756764
PN00003912,11.380819802357156
PN00005198,10.207172911915185
PN00008846,75.69353251210548
PN00000259,33.96510238525347
PN00003790,63.796854474070095
PN00009202,60.37829038425656
PN00000487,38.582796974253164
PN00007907,53.15677222423986
PN00000518,64.51385335716601
PN00008342,94.09503298781384
PN00000311,57.56340728609815
PN00003231,61.43675117683143
PN00007932,6.785581770377547
PN00007457,95.2215814760112
PN00009783,52.80819279093863
PN00005183,80.12734198599219
PN00008076,5.0291063147389075
PN00006501,42.091013573709105
PN00006790,25.697545915270158
PN00007772,26.697589868858994
PN00002737,79.14537299609295
PN00007841,62.386672526885356
PN00006261,43.97453118428481
PN00008205,1.0585739586393417
PN00001247,96.49279429455298
PN00009335,96.20232533557238
PN00004194,21.755221028003845
PN00008000,4.1346372316556685
PN00007377,53.01993630119022
PN00003434,95.14108146164075
PN00005381,91.0395845764935
PN00000958,58.46628638893966
PN00000416,30.354885065370716
PN00005741,32.996088376919595
PN00006727,89.79135514860276
PN00004381,49.178403563557694
PN00005196,13.11162289671456
PN00001112,24.84254759736073
PN00002688,27.679490146749906
PN00006472,12.354668493190935
PN00008819,46.30443815212914
PN00007807,91.6050908274991
PN00003410,66.87825429922609
PN00000080,7.2473924248856125
PN00004613,0.5494817809162722
PN00001373,27.624766746925435
PN00001509,36.26929347939404
PN00006442,77.67496690467758
PN00003070,96.70055239303666
PN00003015,38.756717342354364
PN00004822,68.6690029816861
PN00007821,99.49019073529632
PN00000092,74.56665838750143
PN00009420,63.61895490858445
PN00006599,7.807485417830429
PN00004442,32.32152011947302
PN00007601,91.3392158457157
PN00003834,20.10054816809057
PN00009701,84.35903592732082
PN00004321,69.63236850805055
PN00003393,36.632437083075466
PN00004751,52.917426971265655
PN00007228,54.280646875281356
PN00009190,71.40537850738863
PN00002360,51.65559410991961
PN00001147,13.307599018416628
PN00005665,77.34546715219126
PN00008074,40.627249690611876
PN00004942,96.30938902119273
PN00003662,28.351378229303435
PN00001562,26.30787802965846
PN00004112,33.35073956751826
PN00009049,57.231701595862546
PN00009275,89.48697402009823
PN00008537,17.62816401400148
PN00000794,27.96787975992202
PN00005853,58.16798431478618
PN00007618,45.43342421615151
PN00001593,44.73228872557253
PN00007417,82.07342620964066
PN00005266,92.38783025113612
PN00007146,48.13069660698819
PN00000088,68.73517954472737
PN00008694,80.10587110273939
PN00009731,51.836641038716394
PN00009445,29.431640895373533
PN00006753,63.808459772228375
PN00003501,58.51091003060592
PN00002233,90.15628197396104
PN00002802,5.2407036769856035
PN00004423,91.01313871334668
PN00005662,53.44320281653596
PN00007169,1.5676116049913924
PN00008336,34.47021787677881
PN00002147,72.43335638753197
PN00007968,48.8433087935833
PN00006550,98.01590374409925
PN00007642,42.261007383104854
PN00006163,32.66352296260078
PN00001494,82.16719344295682
PN00007695,54.79066993580314
PN00007093,68.2326579062559
PN00001408,80.57023380386775
PN00006690,67.14275461256203
PN00003400,42.240749476866455
PN00000108,12.479644789430067
PN00005635,58.02481665713005
PN00008481,89.74333267292596
PN00006603,41.8892426518415
PN00001090,91.07252348428405
PN00005559,50.3527819782402
PN00009411,62.08415624424766
PN00008142,83.29884760556429
PN00008663,56.45971096407215
PN00006595,9.09693392955635
PN00000623,98.0979400800395
PN00006870,24.584930191283373
PN00004813,71.05053286301985
PN00006552,50.511343861773874
PN00007529,47.87726368177081
PN00005795,24.394081886689143
PN00007436,72.21507657001041
PN00004217,11.278826483098726
PN00005940,99.04533093614852
PN00008500,84.53735371072038
PN00006428,53.45089400057921
PN00006826,42.45529560580095
PN00004130,28.646463245986766
PN00007801,50.15914709407675
PN00007753,87.94174620241681
PN00004721,27.50064007006836
PN00001650,50.05374588031359
PN00004140,23.454990206703087
PN00001617,33.71491136649515
PN00002029,19.026050892333245
PN00008517,99.05391939211879
PN00004575,57.14974464624556
PN00003992,73.28151240366955
PN00007376,9.82499134520367
PN00006149,36.611755007431576
PN00004908,89.26398030473214
PN00005026,8.443832642394788
PN00008260,16.548322833961315
PN00004731,62.54176103511686
PN00007548,62.27889941042252
PN00008134,83.82270444539296
PN00001606,93.54927638714214
PN00004773,14.198647542526377
PN00008109,25.937381852699946
PN00006951,42.74614056932558
PN00006004,0.09032855212496305
PN00007728,6.981430295969493
PN00003541,22.649127794102164
PN00000388,48.11019640158117
PN00001794,25.152273816861282
PN00008731,87.6681892223048
PN00004919,32.427287554201115
PN00005537,92.46228121426286
PN00003872,97.478726073471
PN00008868,44.98615339075788
PN00002254,22.712881689932363
PN00003412,29.16661334230033
PN00005459,77.63336816594462
PN00004955,27.334970779259105
PN00007396,38.05828679202846
PN00005414,47.85758584818498
PN00007399,57.511111646998415
PN00007414,99.61004403012382
PN00009100,23.220975516359232
PN00004851,35.34237032481688
PN00002025,26.2891177010511
PN00002615,36.111343664371034
PN00007388,10.080451689462055
PN00002926,35.98097672410472
PN00001121,88.78650314643885
PN00002910,29.858984784644903
PN00008146,37.193477984906885
PN00007383,94.44741644379346
PN00003482,72.83789963268681
PN00000795,51.67387148180483
PN00001575,77.71927284034406
PN00006176,12.317964885450394
PN00006266,46.44903532208423
PN00002458,11.823612873586631
PN00003312,23.361814501958
PN00001253,14.18672597402586
PN00006834,36.18012391691393
PN00008794,38.16393203959259
PN00003837,94.73085818332409
PN00004398,26.412573118752924
PN00003595,47.24288453165168
PN00006621,81.13794039634867
PN00008382,81.56175864366617
PN00002124,75.03431870350202
PN00003238,28.783376214007294
PN00005403,49.4971619411357
PN00005998,18.621159518672325
PN00005938,18.839952278280425
PN00002045,43.58412131383109
PN00001578,73.8592221242941
PN00000014,52.65842599978379
PN00002673,88.66832208474523
PN00007016,83.09087977775759
PN00008720,3.160544282040556
PN00008849,56.841904286621606
PN00004812,60.91612643556431
PN00001084,96.15751443000815
PN00004983,2.323662670886173
PN00007155,53.11037709686289
PN00002884,20.47813619358524
PN00000333,5.366290629158909
PN00007204,58.74885247317233
PN00004367,77.26041436328025
PN00003079,77.48654492251879
PN00007203,3.0288410155906775
PN00009909,40.69464002715893
PN00008864,4.45096271486205
PN00000263,24.783864699076975
PN00004337,19.288070275794833
PN00008895,21.51825792421572
PN00008447,33.91184140345286
PN00005903,27.74180418359983
PN00001498,96.22799113275983
PN00004190,35.24071200093821
PN00007485,89.41725152929719
PN00009643,18.104167152092508
PN00008310,76.37468671882142
PN00007590,6.134553602464276
PN00000500,46.27612294693413
PN00009155,0.5510440235525937
PN00009414,81.02907630694361
PN00003095,95.04860360377839
PN00004631,3.5107370827145656
PN00000367,93.38463614733145
PN00004058,77.38538914913529
PN00008174,35.88615787927954
PN00004630,90.88765512228052
PN00006070,29.625727125090094
PN00002664,40.929531223476204
PN00001026,9.671126219202165
PN00005908,65.6938961900144
PN00005050,2.960082874227188
PN00006328,48.49052751990372
PN00009733,68.31918502525338
PN00001691,82.12376009491109
PN00000673,14.994138962166215
PN00005572,75.40903662487175
PN00005766,71.90770235550296
PN00005156,55.95705341197842
PN00000733,58.464459778786406
PN00003526,9.127072085677812
PN00000568,60.047104324038024
PN00009187,38.15222070708323
PN00002922,86.7580851341647
PN00007911,31.30988817359902
PN00001558,57.65950773635247
PN00000101,42.65713997011944
PN00003007,87.62619382503131
PN00007201,25.391666698918904
PN00000303,7.880236030946042
PN00000076,74.86557209831396
PN00006754,41.28966169083215
PN00008629,58.90983591262915
PN00001208,2.6389331713351116
PN00007742,95.2109791397402
PN00008214,87.76183773849765
PN00008944,62.38679005772775
PN00008413,1.7029842112618043
PN00001775,37.79764739828766
PN00003473,97.87965377421489
PN00000483,68.13303587402346
PN00002189,16.098786131341914
PN00000346,46.05967486545006
PN00005481,96.6737743843486
PN00008361,53.470817441659335
PN00001472,2.4614528029824556
PN00005100,61.97720842759777
PN00006765,27.12165309311598
PN00008706,9.884595187690437
PN00004929,40.2908444731893
PN00006329,55.85230974322448
PN00002609,1.7040718047802716
PN00000003,55.90468086359475
PN00002213,51.12031468396374
PN00004827,79.39083830987602
PN00000856,42.35498168153972
PN00006977,55.34504296698862
PN00005885,74.20093040571263
PN00000624,89.71458717819455
PN00000290,38.00345760236875
PN00002018,60.16334957831465
PN00000668,69.46109034163818
PN00008921,4.327067644219618
PN00008264,80.07605084861348
PN00009696,37.74301852153938
PN00001631,67.02389414436098
PN00005170,47.166406620494904
PN00007205,70.23391426917073
PN00002522,72.43309792357789
PN00002215,19.157101348646734
PN00006968,66.21742342864505
PN00006496,85.13234378820871
PN00006213,23.556720050497482
PN00007032,75.81834698938779
PN00007420,63.38251131552236
PN00001107,95.51260344725638
PN00000450,26.02465772917608
PN00006289,15.427777765800354
PN00009966,31.21210152816999
PN00000135,25.79587781979187
PN00001785,75.68327604735128
PN00003404,73.31093038467984
PN00002906,66.96849008553339
PN00008304,21.63791144584878
PN00007492,86.18068074390897
PN00006100,95.65715558589277
PN00004504,53.16058181086445
PN00005053,64.93727306293859
PN00005205,50.06920990205621
PN00004080,28.355771510260386
PN00006918,28.614760399660423
PN00006802,31.342052273491316
PN00005206,19.085000416415397
PN00000532,90.19236326293176
PN00004830,85.83981340466859
PN00004038,46.16393613188367
PN00004084,36.72514125601705
PN00003204,93.90783565470986
PN00007110,22.23734692328101
PN00000330,55.354195946680164
PN00004957,5.449815554216264
PN00003033,19.1202197017449
PN00007684,60.40269333595097
PN00001597,66.21836528441698
PN00009919,58.09958186732397
PN00003597,86.96014159992897
PN00009038,99.3405220822747
PN00008001,76.38618421529112
PN00000590,46.50917841437588
PN00000647,83.39346694541027
PN00009102,12.038739416600164
PN00008015,68.32706964459298
PN00003771,51.833778745343395
PN00009039,17.80658862557184
PN00005082,97.2933617280214
PN00007882,33.84374197787475
PN00009362,61.54234059633834
PN00004210,87.8594237524952
PN00008834,50.66888439148206
PN00008699,11.513785017643185
PN00001795,81.87390843472899
PN00002586,35.32137670588005
PN00008355,98.30668688918388
PN00002316,88.3825446444558
PN00004185,85.34493333489573
PN00008827,35.62531775378994
PN00007072,75.71297778090657
PN00005234,98.63290630015888
PN00008743,52.63216119513313
PN00008670,47.07321549552316
PN00004768,1.4665820972070809
PN00009972,70.02037687349363
PN00007144,85.84775686018541
PN00002913,24.745718608182997
PN00009871,31.50245771146568
PN00009893,50.06770213261564
PN00002075,7.208015736151685
PN00004302,8.964247609873699
PN00005822,42.11107588880808
PN00002149,26.121895270342165
PN00000144,40.60373025327685
PN00004963,45.4386298099938
PN00008159,97.62733967391182
PN00009030,94.42598201028373
PN00004775,13.97301515397661
PN00008933,88.25859737322465
PN00007749,8.020666233007855
PN00009828,50.76354697177541
PN00009214,16.390990010976537
PN00006060,36.5892145356934
PN00009475,74.33402256486646
PN00006409,42.45054793568499
PN00003317,80.69512875713338
PN00007464,71.88157110375418
PN00003061,94.28394462110163
PN00001355,53.41560205858773
PN00004514,80.21479539877953
PN00005505,32.29071063370519
PN00005250,34.57458450898646
PN00004511,40.05104635815054
PN00001730,41.0915734298089
PN00001758,10.325322066597453
PN00006650,51.90989393318636
PN00006646,9.680321926902558
PN00009860,88.97621358197641
PN00004139,6.184478322329312
PN00009393,44.969443030930876
PN00005123,28.46940663904305
PN00000000,15.486941565447909
PN00001864,78.38366908422122
PN00000543,71.49323989195257
PN00000349,14.59478901815131
PN00006906,63.276564110631014
PN00009765,79.2555167330446
PN00002523,77.33322203698869
PN00003464,9.227959766336157
PN00000457,68.55127190457763
PN00003023,71.6023920883577
PN00007261,86.21662670420272
PN00009515,50.80443388649867
PN00007872,46.109400030335735
PN00006625,96.51163249194698
PN00002534,79.65122557387535
PN00000131,55.8730990806489
PN00003704,33.061707131127946
PN00001372,84.52379960035107
PN00006200,45.54363894644047
PN00004856,9.268519215816063
PN00004712,45.49042727134398
PN00005544,87.19683961501462
PN00001413,44.82821468944454
PN00004113,1.434914774035012
PN00000655,61.14853239164696
PN00008137,99.58300034113986
PN00004098,81.72485840405118
PN00000592,61.72379466181479
PN00008708,91.4398886797885
PN00003123,81.35816816510619
PN00003047,49.86393527400404
PN00003887,59.12202854073818
PN00005735,73.12928092030198
PN00002184,84.64261639788647
PN00002145,5.8176402376711405
PN00007047,77.48038571611511
PN00003105,44.750343997820195
PN00009233,66.07985603015408
PN00009096,76.463301095885
PN00002769,53.950192502744834
PN00005221,15.851485058039906
PN00005833,40.952683151826605
PN00001732,7.687299375237977
PN00000265,68.93006911552638
PN00005144,95.37061819630834
PN00008267,79.5252812224187
PN00003937,38.978642278711874
PN00000761,58.42914960054944
PN00007220,30.420067584686915
PN00008439,54.1045599554965
PN00003257,30.072690578464023
PN00004338,73.832475679861
PN00004362,25.93415079870255
PN00000316,96.40203904338944
PN00008069,66.19487321735315
PN00001851,6.877784768384377
PN00002484,1.077776350569315
PN00009873,99.70463442051005
PN00009574,22.050557821579353
PN00001078,31.25627484571776
PN00008358,20.841401420210836
PN00007333,92.81017724711823
PN00001071,65.2012859668614
PN00000103,50.43863235561108
PN00005748,55.76508144925704
PN00001418,31.78728472991873
PN00001658,61.417500236384136
PN00005284,41.960036345493194
PN00001149,19.92281464241792
PN00007150,65.66050997098814
PN00001568,37.38405692592121
PN00001087,78.50663791171615
PN00006085,41.5394957509527
PN00008674,50.827137504619635
PN00008341,78.74664791808964
PN00007811,44.78780929197311
PN00006084,96.62211351241645
PN00008773,79.30286671951117
PN00008757,82.64304053149786
PN00001692,95.39204667037276
PN00004734,38.885062884320746
PN00003387,58.008026418217085
PN00003646,69.35917407956035
PN00001683,67.34584835406308
PN00000008,95.29367945610196
PN00006062,28.834863387833455
PN00006516,29.136152862599197
PN00004123,91.80044020391466
PN00008729,79.93056417265596
PN00006045,20.335662406959777
PN00000567,57.00468780927677
PN00009161,74.57637340963282
PN00001803,35.30363904475091
PN00008501,43.43822512213901
PN00004900,57.539661166089296
PN00001599,46.710855754821054
PN00007931,75.30423900690329
PN00009547,0.5938753683069731
PN00002823,43.46325243910505
PN00005467,33.758137532887154
PN00003529,60.91640528298269
PN00008683,77.59584418813597
PN00001155,7.614516220153023
PN00006547,15.805973360119241
PN00009088,66.50816241420333
PN00007620,73.8402441015417
PN00008296,58.82017770788354
PN00004540,98.28033489679264
PN00009134,49.94614891065746
PN00006482,13.62923350976436
PN00005826,68.629106037108
PN00001190,60.20755221947981
PN00007444,59.04214750302634
PN00008520,54.58536352463982
PN00000960,93.90957095495389
PN00007454,12.915639682655799
PN00000036,7.3197298524978365
PN00007516,15.411716937731978
PN00007644,24.499020990495048
PN00004438,59.29463194364691
PN00006161,61.242524909673435
PN00007744,23.26018774570843
PN00009587,48.92254993109375
PN00008119,48.20618527677348
PN00006967,45.31107662852249
PN00005718,80.35452949126581
PN00000577,47.16930698756319
PN00009833,75.8365495956166
PN00004102,16.648113180479807
PN00007646,53.196734407316804
PN00004151,82.41047760631956
PN00003130,17.771658391625767
PN00004890,46.49221686976623
PN00009975,60.907931603571676
PN00007471,18.47745748372873
PN00001833,75.6765605911403
PN00009148,7.899624779631742
PN00004891,94.64155089077188
PN00002287,46.82214942181358
PN00001330,33.61230863654765
PN00002771,11.680700716264036
PN00003686,43.25966430678647
PN00008283,65.98040293907718
PN00005928,9.448727914238408
PN00000637,30.62690951677486
PN00000047,83.60175827727112
PN00002602,64.61810255983272
PN00001965,20.63730118576239
PN00002168,16.090979579308918
PN00005049,90.44850262008998
PN00003334,28.70202213409844
PN00003019,17.95001688986303
PN00008764,99.99640185426024
PN00009176,30.91918277779059
PN00001360,12.474018780936369
PN00005798,46.17576297529471
PN00009400,43.43451101984821
PN00003251,92.68024758303311
PN00006300,13.420494747630475
PN00002251,9.113640612930684
PN00006027,9.29786709066801
PN00001175,90.42874658222364
PN00008799,44.936917796107714
PN00003279,15.060652815522568
PN00002973,59.38300983792906
PN00003396,53.762335565083205
PN00006939,19.840674774889933
PN00000965,60.3038139426371
PN00008574,34.02312343169456
PN00000742,23.837076773086995
PN00007514,51.040061089902814
PN00003314,29.16492615163876
PN00004898,22.213992176121323
PN00009340,87.97224082996742
PN00004672,15.57625765734173
PN00008618,28.05899772848325
PN00001217,38.61383798498257
PN00004397,27.363831030002284
PN00006080,21.07106425777696
PN00002614,77.1146097054588
PN00002620,32.90161587235815
PN00008714,11.251295769933844
PN00007282,54.08951624566958
PN00003379,12.54884972364103
PN00007301,35.75196074409279
PN00009857,88.18267622722838
PN00005605,36.91611951062197
PN00009813,63.250897428825006
PN00005786,51.462553600863124
PN00008518,13.772484577797561
PN00006850,64.90695977908352
PN00001516,85.60349969338063
PN00005098,9.321247404534406
PN00007636,75.36800891297915
PN00009085,69.02112815189781
PN00008023,86.66605749971458
PN00002392,10.4091932133467
PN00000586,30.569537939667878
PN00003519,69.42914872263741
PN00007653,2.2017978886650247
PN00008946,73.40756777304887
PN00000850,85.79785790011209
PN00000335,45.330405237675755
PN00006634,43.432990342665214
PN00008972,27.8468962069366
PN00007493,0.5051870005087333
PN00002868,18.630351666635605
PN00004872,97.98641184223712
PN00003550,86.72860771213567
PN00003842,26.65046387489214
PN00007262,96.37488571210464
PN00005824,36.77126159532859
PN00000023,29.758537475118008
PN00001453,15.280763544988519
PN00001684,90.16110695106741
PN00002310,98.69924910668593
PN00009063,32.74114040526824
PN00009406,70.34304233584268
PN00000381,33.530340980955465
PN00005814,10.49907393054552
PN00005550,39.26923068823239
PN00009308,55.1569960761176
PN00001618,12.301675917649424
PN00000789,81.82727747897611
PN00005983,49.73631168932895
PN00008672,23.438295250457298
PN00004475,59.27595785429433
PN00005606,79.3259306054402
PN00009312,32.76243490519758
PN00005648,70.14763244005944
PN00006216,42.78591799806873
PN00002286,96.40511688456009
PN00009993,77.09400866027316
PN00007578,35.6350902522021
PN00001183,1.7747959061762075
PN00006001,65.75198953804279
PN00005090,19.78721585848523
PN00002516,12.187917564913276
PN00004122,93.17764513967937
PN00005521,99.99489702149168
PN00005627,26.988882056438513
PN00008360,30.1768552165938
PN00005872,16.498893923816873
PN00008612,45.76847759296238
PN00007727,86.58437598357476
PN00005968,70.15059521248777
PN00001180,84.63315580765877
PN00008762,22.84816556735805
PN00008235,73.04560674084802
PN00002818,91.85266283960603
PN00009964,28.141611421439038
PN00008703,69.06535435911852
PN00006608,40.06574116898545
PN00002820,29.02266451589226
PN00007535,96.96234687543495
PN00002260,34.86332299682927
PN00002239,10.784968126068728
PN00006021,38.85892096203356
PN00000782,44.76782909599824
PN00000932,75.22108254992379
PN00006202,94.99142669470028
PN00002412,81.70569837942126
PN00006997,93.0941311255106
PN00009115,47.50601299749311
PN00001156,71.93165682364342
PN00008107,30.904958501240245
PN00005805,6.958710851901795
PN00004879,36.547352532599355
PN00003309,69.79152283282977
PN00008961,27.462211024804372
PN00001702,86.1405895641521
PN00002492,79.07728499829018
PN00003706,19.404254918460296
PN00008276,33.083676249080675
PN00000286,82.53026175490918
PN00001608,24.393778951129942
PN00006631,33.160214566713066
PN00008278,34.306693242308675
PN00007315,80.10420278257668
PN00002252,3.7030265605016766
PN00007415,7.378698312141429
PN00008365,57.84515481629376
PN00001891,39.71119909960667
PN00005062,63.28853196107076
PN00006120,26.646127617938287
PN00000563,90.95826774815608
PN00000291,76.0941887174456
PN00004716,6.774622055039603
PN00007708,78.3905477285034
PN00006349,96.95823723122513
PN00000169,94.2435620587473
PN00000267,73.54837980254477
PN00004638,12.35937534812156
PN00007077,57.60767658404541
PN00003355,28.423272884048878
PN00008279,97.02129436362472
PN00000315,71.74857253616094
PN00006728,61.07655897874192
PN00009495,69.50880426047263
PN00004067,43.79791291096805
PN00000245,37.27367514376066
PN00000252,93.57995794399642
PN00001111,33.19271347926866
PN00004801,4.143613173271932
PN00001713,40.08401541544574
PN00000050,79.03403526216722
PN00001835,64.84683580489194
PN00007896,96.21707754778747
PN00003383,10.620186761913764
PN00006410,91.15463022293834
PN00004313,36.884919391406214
PN00000872,47.40025854219123
PN00001254,42.84821544892344
PN00008881,11.645228109244144
PN00005851,24.77964557251887
PN00005702,74.2271569229792
PN00008103,2.30075418456952
PN00002098,13.388777438627454
PN00005128,2.5210168791350074
PN00000248,85.73880573235492
PN00006561,61.73248277817797
PN00001339,16.992866211855883
PN00007017,76.87722230537535
PN00002110,96.68005974515538
PN00001569,93.45603745300181
PN00001726,92.15475478121652
PN00008384,0.7810215405743226
PN00006940,58.90134889852785
PN00004395,25.663261663902926
PN00002420,56.464721430985875
PN00003045,31.803028916055464
PN00005503,15.36665427726126
PN00003703,44.44937233583467
PN00008191,49.509632717637345
PN00005331,98.97655068476246
PN00009808,4.238788413854011
PN00000447,30.11551988972766
PN00007894,85.18938450883226
PN00008728,65.96954981260427
PN00007828,82.66830318458959
PN00001768,66.02909185597778
PN00006808,75.95363091461329
PN00004704,49.29217499970573
PN00003869,20.48776928975975
PN00001655,81.00038608371999
PN00003187,56.782065466396915
PN00000683,13.95051937868297
PN00004170,80.48940268708661
PN00004477,95.85859103625782
PN00000461,34.61638726284658
PN00005764,29.35122520864435
PN00007522,8.177517820756607
PN00004502,66.44912264494155
PN00009709,95.89616184964967
PN00000318,13.599268999160763
PN00001145,48.51596313193155
PN00005094,9.823818465324784
PN00001393,3.4109903709815814
PN00006623,66.45010506676454
PN00001501,86.76871753434979
PN00006408,33.757053612602974
PN00000376,87.57651744100993
PN00000410,11.70530991510319
PN00001660,23.796068191747622
PN00003151,90.16067269067184
PN00001623,50.85098936906702
PN00005609,60.81923837970241
PN00008532,3.8018232542507913
PN00005802,12.838991014788892
PN00005306,5.579081250085316
PN00007086,90.50007399496693
PN00008897,13.479496387094702
PN00007488,84.96728266087545
PN00009615,35.103469937245315
PN00009217,80.059749636578
PN00001672,36.50435474567474
PN00002358,26.768403969287647
PN00008467,9.366070118905723
PN00000274,28.070659057413373
PN00002473,47.147971671727994
PN00005489,81.75087988967955
PN00004771,45.251495476869785
PN00002107,97.14355749376175
PN00007500,54.163301085482296
PN00004414,2.4945629811443437
PN00008138,41.53673001912724
PN00008660,68.88991073865137
PN00008239,23.42916462498248
PN00002417,69.86299508481586
PN00008771,50.36973051815162
PN00002236,2.5737775583115297
PN00003767,77.43529494802057
PN00009791,56.03737038140751
PN00009989,8.249350308109339
PN00009965,47.521403346227295
PN00007323,28.729288177474665
PN00001383,87.9681542587933
PN00003101,28.492705280724874
PN00003921,94.16870709741988
PN00006685,54.61327493471126
PN00003194,32.36137095467213
PN00001941,81.35450174175773
PN00007713,69.74003783657659
PN00004896,41.39624956958795
PN00004782,62.96183027065931
PN00001496,77.85842640282813
PN00001957,85.15577942834894
PN00009171,81.64127137140636
PN00009745,16.6077088593418
PN00007332,82.83895525035857
PN00007949,5.862905888377212
PN00003017,20.01706815505686
PN00006746,62.29267200659891
PN00000513,11.469252544690434
PN00003934,60.334759505620006
PN00003025,30.79656913635638
PN00001199,42.94665851546483
PN00005028,31.515150344547806
PN00009784,7.017356786490447
PN00000921,50.075875292196095
PN00004649,96.35994443948874
PN00005332,61.178334816012715
PN00001076,30.003187161712532
PN00006768,95.61498341240191
PN00009410,38.92372519522274
PN00001671,69.75177338688435
PN00000474,63.41128049224443
PN00009186,95.29108480388516
PN00008839,91.4602694494837
PN00005758,14.800405635003122
PN00006297,8.568587472942246
PN00002478,80.96423277988296
PN00005493,90.49432132968231
PN00003914,49.297360392289946
PN00002138,69.07612738337751
PN00005454,6.9788280178418205
PN00005379,21.98043978564719
PN00008985,14.937619465672114
PN00004023,60.116058355003396
PN00003485,19.753989376610715
PN00002455,5.984631555085063
PN00002464,30.220728273601072
PN00008696,67.72124291139528
PN00001369,57.78637242618545
PN00006688,33.07249654946358
PN00007456,83.34788758433764
PN00009974,27.626910801208957
PN00001901,26.054763836568263
PN00004871,55.99474107895882
PN00004710,47.821563984577566
PN00007886,44.59726606003607
PN00001793,15.578561895406718
PN00002874,50.464619163299105
PN00006217,25.901891727544424
PN00005213,39.21798826190154
PN00002245,73.35704476706063
PN00001741,93.68628255593556
PN00001020,77.38629651893243
PN00000705,40.56338946232637
PN00004294,59.30331393287639
PN00005576,74.6497815875704
PN00007166,41.42210500958915
PN00008177,36.02481588123011
PN00000908,13.524329595586327
PN00005193,73.62608014758756
PN00003077,83.85085908076249
PN00009366,31.658441102995283
PN00000594,78.35077656425354
PN00005304,61.02130583369875
PN00000440,78.4083046403244
PN00007606,41.133738314966436
PN00004092,74.75763636496066
PN00006134,40.8509117897626
PN00000010,8.87579854194529
PN00003776,55.05789181349441
PN00008999,45.432872638864566
PN00003708,25.287988720157717
PN00003780,89.21133349667691
PN00000093,38.28533055360012
PN00009239,3.9126111432281396
PN00003949,38.21357402025903
PN00005785,42.45098079003697
PN00004870,86.16377231941598
PN00004802,79.91832081050435
PN00004867,19.99665859079243
PN00000292,83.90292259588709
PN00007888,24.79272282536652
PN00007405,34.1934148164293
PN00005595,7.681845397749132
PN00002886,5.535631313436385
PN00006454,68.08601208111375
PN00002542,92.3341084521733
PN00001765,49.30168542378287
PN00006800,84.40937119585831
PN00001877,79.37512496926533
PN00001981,66.46787233813292
PN00009729,97.82289311177786
PN00009608,80.2187920876386
PN00002685,27.484439421426142
PN00008930,78.9014246221108
PN00003458,69.26616462839036
PN00004541,39.952044663635164
PN00002178,7.679747022711503
PN00004450,21.435952961809967
PN00003859,79.7237891643355
PN00007623,24.84852881360492
PN00007654,99.78579830233481
PN00004519,69.39881399885446
PN00002517,47.72224807176079
PN00004836,57.04366902119271
PN00002885,61.08727235414362
PN00007281,96.89448200326233
PN00006255,16.174119463151946
PN00004539,27.239580266075457
PN00005639,70.95910479712437
PN00009459,23.985798314356554
PN00003481,87.12971622020503
PN00001277,34.653417565811864
PN00003146,18.08393999158191
PN00008262,4.762076084981848
PN00003205,59.559504031794994
PN00009892,82.52821895545517
PN00002742,27.379311114879123
PN00006076,91.75394862588203
PN00004047,75.77342701180048
PN00005731,6.130068249878473
PN00002945,57.26329966747499
PN00005790,56.74409403252657
PN00006794,20.237230493598023
PN00006543,33.45443786657215
PN00000700,45.827889358376225
PN00003574,4.807782123741844
PN00007699,14.977640928588787
PN00002515,16.400438911055872
PN00003000,37.92357544563909
PN00005820,74.73574586765804
PN00008581,83.1303659097259
PN00003684,16.284904601703886
PN00002995,75.19060360067698
PN00004252,67.07099583881694
PN00003411,89.06873919138783
PN00007962,96.87912539451719
PN00006309,12.446060880994104
PN00008611,8.067386142081666
PN00005012,79.97301289520094
PN00007750,16.217087308585842
PN00005979,19.45745242572069
PN00004048,88.20359225258268
PN00004899,93.8964897102525
PN00001318,31.8471243922974
PN00009772,84.2168100437994
PN00009137,85.8856909563651
PN00007142,60.539048050203625
PN00001897,56.608844806314494
PN00007465,57.58384092456097
PN00000603,30.128918764272285
PN00002846,61.886703893899075
PN00008207,24.358027110857005
PN00000393,17.763229007560877
PN00004436,41.295045442400635
PN00009447,70.57804229844352
PN00007234,62.142768735146426
PN00005398,96.48820793397024
PN00000095,64.64559113657225
PN00001662,14.131404979592045
PN00008970,16.121821329251805
PN00005130,9.306714007783212
PN00001488,19.1173764997013
PN00008316,59.795090067912106
PN00002707,83.82864750148154
PN00001595,89.38676520674574
PN00009277,40.00438866850485
PN00002377,55.85830285872318
PN00005140,80.91995921508133
PN00006147,31.20705211951691
PN00008241,59.56690044386951
PN00003948,17.408251105366567
PN00003933,47.65403405180947
PN00004797,17.307226036346833
PN00004372,46.24263902991456
PN00009862,39.68196917675796
PN00008242,43.32648235004933
PN00003448,24.3712226106518
PN00002943,13.604334237850612
PN00002465,27.566532791988564
PN00008582,23.958003924390916
PN00005506,73.42962025844497
PN00002698,71.6975072981546
PN00002447,58.44829937642724
PN00000019,9.133379816877518
PN00002748,56.626185428003296
PN00005399,7.923702594059778
PN00008078,1.8173019276237823
PN00006871,35.25961151376558
PN00004708,24.05449190638994
PN00009476,59.464768143304255
PN00000809,92.86424880696137
PN00007477,71.98520277711921
PN00002273,76.7360861970987
PN00001923,95.08931103706227
PN00001470,63.40910808965676
PN00007934,57.773094140982565
PN00007407,60.186797595270846
PN00002406,86.58052565674659
PN00001142,38.809903520698505
PN00001747,79.5336225388004
PN00005709,65.22569349771614
PN00004975,30.45715507819634
PN00007300,1.3688410984091681
PN00008148,20.991999008691998
PN00002833,69.99887646268611
PN00003131,57.969030974523484
PN00001310,27.459469982028605
PN00008650,43.430247140102395
PN00006774,66.1148765581413
PN00006756,12.708614048989697
PN00000620,43.22795808512164
PN00002701,41.66242149819794
PN00002199,54.260102012024056
PN00006196,52.191368021849506
PN00008824,36.77266850678495
PN00001046,76.27336288125463
PN00005768,6.722903999121376
PN00009947,3.5538472534346055
PN00009019,42.02593395983754
PN00000743,89.66942501708142
PN00000222,27.756935052966913
PN00003149,17.230932469765314
PN00000625,92.82083943293762
PN00009334,16.822325458257026
PN00007566,37.484053671352555
PN00004582,72.90155103364921
PN00005711,26.092400847760178
PN00003284,22.98495277936813
PN00007585,39.76672339315541
PN00009646,78.73648145968252
PN00001530,91.09833531625064
PN00009685,3.129252790977377
PN00000353,16.510812737192026
PN00002474,95.86012891469076
PN00008013,59.279129154896836
PN00006475,55.14102691538197
PN00006449,81.35436792839947
PN00000239,3.9783298028444825
PN00002625,1.3836251172974823
PN00009786,96.74940497015918
PN00007198,82.85706855726811
PN00007692,74.73817815582686
PN00002997,15.570077014486671
PN00006440,47.660392304326
PN00004562,93.72935385658475
PN00008614,93.35995956239546
PN00001479,0.9247106979528796
PN00001018,75.24914090061574
PN00003094,0.6237766446710369
PN00006182,98.43017276705565
PN00004960,41.696720199569846
PN00008492,97.35187579800997
PN00001103,36.774680903063754
PN00006081,29.31872905734214
PN00009525,31.62919638346049
PN00005190,73.067906663859
PN00004181,19.9672833930197
PN00004467,86.40576917926506
PN00001626,59.05726936267423
PN00006717,96.99110259492697
PN00003798,98.70849034861486
PN00003053,18.518200130214534
PN00002867,95.57820535760177
PN00001432,4.653848637918367
PN00007983,2.786372412310567
PN00009346,94.38645773285519
PN00009419,96.23967374499934
PN00004076,14.724767267198969
PN00000217,44.24158153889981
PN00003555,49.40925279881825
PN00007936,86.02812365183044
PN00008421,62.791724319616904
PN00001034,77.45664242016154
PN00003773,48.5096845431291
PN00004132,64.84137022418282
PN00002335,73.54093600258587
PN00006492,73.78812839173014
PN00001482,0.17378267846723805
PN00000906,9.99080737300606
PN00006088,36.3660441104416
PN00006466,6.11974471035418
PN00005676,38.2989702367717
PN00002770,38.95668484721922
PN00001805,92.02335372777397
PN00007374,56.70718548946909
PN00002114,70.63512805336583
PN00004534,88.71986820862284
PN00002531,44.212932064931735
PN00008525,0.19621445973821983
PN00003470,28.533602462541374
PN00001402,81.4158700037487
PN00000852,90.18411698000747
PN00003082,35.150958111822106
PN00008024,29.39912529790484
PN00007565,92.45052110687334
PN00005529,35.107373598278
PN00007854,65.22451880766583
PN00004932,28.030923505056336
PN00005159,9.79187987907415
PN00009715,50.12363117860134
PN00003846,92.32318371181675
PN00006483,61.8640753927305
PN00000747,20.882662478373437
PN00003034,68.24295733676131
PN00000347,76.83611440976325
PN00003351,32.07605619149588
PN00002864,55.920940143103856
PN00002167,68.19531314673225
PN00006954,16.035314538048816
PN00006209,96.41009397724625
PN00002777,45.125196144984194
PN00001441,97.96643904720663
PN00005657,18.95738658444951
PN00009657,48.37735463096444
PN00003027,16.58536536758377
PN00006117,1.0180822383938692
PN00002483,23.787517257520275
PN00002882,40.31873370680834
PN00005561,43.11307377242357
PN00000763,88.65051551042046
PN00006481,63.56772638808419
PN00001616,43.444165521853016
PN00001222,98.79976996098128
PN00008664,61.42243316266857
PN00006221,32.26629649849716
PN00001576,69.13108812107947
PN00009391,49.56999226830051
PN00006350,88.11676940681721
PN00003782,89.65112620633212
PN00004374,36.73504001211696
PN00000708,56.23390508601441
PN00000509,26.577344404630544
PN00002954,62.663675174255
PN00007537,99.23469623196748
PN00006338,83.25885178221839
PN00008922,36.64099003028253
PN00007063,9.538035199349249
PN00007162,96.66819873735142
PN00007371,38.958477867772025
PN00006828,29.338089326681516
PN00003615,31.633539290556755
PN00004656,48.99233666388467
PN00006975,95.67513987490005
PN00004350,98.66223213334914
PN00000711,29.612672735239553
PN00006478,35.14687077474851
PN00009129,51.1806560066037
PN00008204,0.8187288629735945
PN00009203,17.483656324410912
PN00000712,93.60590205048064
PN00009112,2.9435237061361197
PN00001245,10.09762797205438
PN00009785,42.064701703371874
PN00006848,73.1450249159012
PN00005133,26.887823039034853
PN00000715,30.596559055389093
PN00003463,30.547298012438674
PN00004394,87.26019267536064
PN00004568,22.609760622741792
PN00008803,56.240182601319034
PN00008489,99.99311470188161
PN00007701,72.84654948930182
PN00000212,33.635065529692596
PN00009767,76.54589703324095
PN00006838,95.39157073856089
PN00001010,37.35378071525843
PN00000323,70.80112400693307
PN00005396,7.580426311938915
PN00005990,89.52968367541418
PN00003172,9.6256724624312
PN00000334,37.292509626159465
PN00008305,54.25058428622357
PN00002210,26.357764245021887
PN00004271,64.92693259871776
PN00006740,55.442872739241146
PN00000233,71.71852402981061
PN00005950,35.41393651221608
PN00005737,54.60138896526734
PN00007921,81.2185400181229
PN00002348,81.06963460014556
PN00002036,71.42399748518815
PN00007484,54.19358896149794
PN00006006,67.32611007744953
PN00004553,8.688029011205078
PN00008072,47.13172007107326
PN00001458,86.0143500304649
PN00003288,60.73648217266423
PN00003064,94.168310582509
PN00009436,26.217852129408094
PN00000774,9.630180211077544
PN00006832,62.66134356038866
PN00000871,9.092592982038038
PN00008749,78.21353634244159
PN00001263,25.674240814905723
PN00004833,53.87518584436566
PN00003894,81.13770403016125
PN00006323,78.80353687003
PN00009212,49.59750270792086
PN00007019,97.58464133154727
PN00001220,49.76331570908407
PN00001446,27.879141669105543
PN00003184,30.24312445516868
PN00000408,74.36427238772701
PN00004344,43.71070388905937
PN00003021,41.878848478549024
PN00002303,2.048659526993446
PN00006271,30.527816042104927
PN00008280,86.03830798416068
PN00006641,80.3504498227147
PN00006955,74.65108599826601
PN00002109,2.3128386675719925
PN00005351,2.699029143169318
PN00009683,31.146495939088258
PN00008343,47.44532722181333
PN00004549,90.97412679862697
PN00001880,38.46298160055394
PN00005945,28.852500286289274
PN00001737,57.115296830471266
PN00007793,91.46942995496946
PN00005212,73.86387114622501
PN00003208,85.66662819793105
PN00007082,18.21976449230329
PN00002055,12.56644453137924
PN00001688,54.40711336888929
PN00004779,69.737082571725
PN00007475,95.49880481625318
PN00007876,37.15344084564789
PN00006749,34.65568522036966
PN00008555,51.585429790158464
PN00008122,68.49379367067088
PN00006990,56.602377711530316
PN00008266,72.3030693332596
PN00008539,38.03149371124904
PN00003392,86.21976301852416
PN00006325,18.297559358395976
PN00003528,31.590464282832798
PN00004604,77.36776637703174
PN00007023,33.56722539793957
PN00006321,66.81546023700152
PN00000745,28.77976092729607
PN00000710,18.710434243329278
PN00000379,30.073256395315372
PN00008782,88.699329703788
PN00003011,46.0883128691712
PN00008858,22.54151537382285
PN00007152,32.1438589165044
PN00008566,0.2770956625681942
PN00003497,75.58082877570287
PN00003889,22.56774524328019
PN00004484,59.79210402705024
PN00004011,2.510953817714312
PN00002619,83.44984319735175
PN00006670,18.744475363635516
PN00006512,0.4768377764269971
PN00003467,30.11878083654256
PN00001313,92.04871188372718
PN00008605,26.26142180446358
PN00002069,50.347883811791135
PN00002982,40.722984435770435
PN00005914,29.424925833208672
PN00009170,92.73535786015708
PN00001285,78.89949080537266
PN00008990,76.19133153738572
PN00008429,52.61071244812398
PN00001349,82.48616737298372
PN00002611,45.842865821125365
PN00009494,46.518955047155565
PN00003668,49.37740634134637
PN00002221,23.691022522457096
PN00000427,92.36518593869899
PN00000653,25.87506748785492
PN00009913,19.815949993946504
PN00003535,24.375179333158524
PN00007736,81.7352116565939
PN00003245,76.85456376763617
PN00004740,42.71068084560682
PN00009068,1.3781904624582508
PN00004099,97.57350332508857
PN00004100,13.253097749036336
PN00006959,85.14226765922393
PN00000611,78.17230866307524
PN00004288,93.8075781711365
PN00008570,77.33985390852888
PN00009712,33.13715908270286
PN00001543,23.191404341416945
PN00009535,37.769082040641486
PN00003853,20.308717051667458
PN00000554,71.95747477449508
PN00006365,82.65186324941105
PN00000511,64.6438892397248
PN00003206,18.60927313091021
PN00008084,3.738471102864571
PN00000967,58.04012668569645
PN00006043,46.267310507961355
PN00006879,19.97039281990324
PN00006775,36.80839022202911
PN00003295,54.14662556089532
PN00008701,63.291711227657956
PN00003429,47.66437775428183
PN00008870,97.13928217354079
PN00006962,4.622640047085602
PN00002088,65.82079130268984
PN00008499,90.95579017878256
PN00006162,23.6564211113225
PN00003210,21.370718806913768
PN00009200,76.22328074825822
PN00006605,48.63737941052359
PN00001109,99.2177506697882
PN00005728,58.91236204917122
PN00007829,92.34419334879928
PN00001038,1.2210519663421904
PN00001194,15.453962047570514
PN00004474,68.44190447515896
PN00009874,41.6466369897446
PN00002122,83.59645694289803
PN00004982,42.88980925565181
PN00008973,71.29966963549856
PN00005700,56.616001703345816
PN00000934,11.990356732862285
PN00006101,71.79512067070324
PN00004689,70.6371801347698
PN00000394,11.571815121321471
PN00004685,56.1911457807729
PN00008776,33.56500175487184
PN00009165,45.88497820457755
PN00005980,42.2758693030776
PN00009942,10.47744042491886
PN00002191,15.802298629127975
PN00001297,8.680861614365021
PN00005044,19.24470136033619
PN00001162,85.24443864977455
PN00004254,2.4522649262932905
PN00006372,43.1617250286856
PN00001527,80.09363887030906
PN00004342,10.025820452739008
PN00002030,22.771359015896465
PN00003060,72.74397075582868
PN00000058,64.75524325933526
PN00002405,56.30238367151661
PN00005006,17.164081662818077
PN00006157,79.45310119658656
PN00007375,14.141411188129604
PN00004506,13.479789472306425
PN00005214,79.50350443033544
PN00006029,36.92233278840753
PN00001780,31.261711592334684
PN00005447,27.867205131023642
PN00004606,32.497210636760144
PN00006914,34.05875997076052
PN00000676,69.63676936065396
PN00003582,24.026220115127252
PN00003653,32.532645347390485
PN00007920,77.62115084700662
PN00009499,91.31505733137121
PN00002732,61.283597022843225
PN00004787,10.511822946280702
PN00002754,54.15846607086229
PN00002337,62.77788742244063
PN00003643,31.40526970069475
PN00007737,82.80003729268972
PN00005516,78.20788107571781
PN00005246,57.530670672029
PN00000866,14.50155894271119
PN00004447,69.73814656840916
PN00005071,89.53486638415221
PN00004881,25.01011097732363
PN00009510,95.86858956840082
PN00003002,77.13023970302835
PN00002225,30.032157477911237
PN00009056,61.68211241115817
PN00004826,30.78479320806945
PN00007621,9.946787609389407
PN00009689,82.41486696206854
PN00005500,66.58070345090323
PN00009700,61.40006512807219
PN00008478,14.217288071323342
PN00005502,37.737711316979706
PN00001210,87.66360800049111
PN00009083,16.33044607769063
PN00002288,4.790288699711853
PN00002183,19.11514768901753
PN00002862,25.018000717486398
PN00006861,78.36425237658834
PN00002362,64.81414711893314
PN00008463,1.734274680649217
PN00006332,1.7289652741196648
PN00004064,56.68964288000554
PN00009546,63.329244237828874
PN00000617,12.542188091555396
PN00003281,61.046215208355925
PN00005226,24.035191041954008
PN00003397,33.67213424605472
PN00003065,40.88315803843413
PN00000766,11.619479623427964
PN00007078,96.3093605444955
PN00005279,97.3764453627561
PN00004149,44.50016890894074
PN00001144,25.74664780802747
PN00004248,95.85944465253112
PN00004110,81.80573965471908
PN00000462,72.42286055582319
PN00002932,46.18117872776393
PN00004623,41.05787014411722
PN00003813,77.93492722768518
PN00006308,51.961367776462666
PN00004341,66.0582138820808
PN00005300,56.61929816084119
PN00006804,71.21854071513629
PN00003282,9.410500407840095
PN00002574,37.76210926357868
PN00007961,16.70891885098651
PN00007879,24.20439000235356
PN00000828,20.08242765381808
PN00006486,50.33222993038652
PN00007599,1.8992988509918707
PN00002540,96.39676020084441
PN00005746,51.896382640957114
PN00008526,5.257151420438899
PN00009566,68.20538403617591
PN00003742,26.888805009787653
PN00007498,10.676759258842983
PN00003524,83.03036859749949
PN00000020,19.79076029143242
PN00001915,10.475426885963135
PN00006571,5.690645260383198
PN00009018,72.8557743534167
PN00002012,65.5271247322768
PN00005405,0.8199140586074072
PN00001295,22.148054044830367
PN00003745,70.46820311167495
PN00000591,15.214085470395233
PN00001406,57.675078312616456
PN00000221,21.31564667521073
PN00005617,44.92342848107873
PN00006248,86.7423061801781
PN00004418,30.2596427300986
PN00000858,68.59723899252313
PN00001783,43.82812327828012
PN00007259,9.61552543014883
PN00006856,36.06349936518009
PN00001954,84.12800663481076
PN00001746,97.30462422682282
PN00003132,84.50816706160053
PN00008036,16.22283907735507
PN00008850,34.55092984490846
PN00000994,83.11881586067501
PN00006108,55.389593439576544
PN00000730,77.61857971144082
PN00006974,77.778326661679
PN00006273,7.108790063011961
PN00006751,34.24065656010231
PN00003509,47.90215054529672
PN00003533,94.5224721580388
PN00002513,89.82288010160042
PN00005436,42.30319829312198
PN00003625,9.566592748691505
PN00000465,40.45422868803817
PN00006755,53.59033326412808
PN00006759,90.43971913990313
PN00007991,29.487926714121706
PN00000157,30.886414566898736
PN00003960,62.7183234547841
PN00008832,50.5191555071379
PN00005470,19.586895905880652
PN00000185,14.472724884257937
PN00001002,48.949720980534664
PN00009508,77.93909564002804
PN00005623,77.88312515567874
PN00000400,97.58036873205907
PN00006240,38.27181981579947
PN00008940,39.1989326810261
PN00009932,0.18194947805292294
PN00007342,82.99173651954892
PN00009832,64.66284440680506
PN00008466,76.99221187318909
PN00008756,47.062319994480305
PN00007958,92.01934886408648
PN00001250,2.9113797832714394
PN00003143,11.528118273788834
PN00007430,37.60173349715031
PN00000059,8.510590811357211
PN00007855,8.788788196507191
PN00001113,56.68726793505451
PN00003057,21.61220195699175
PN00009569,62.65352105571294
PN00001328,92.93998221452581
PN00004995,82.38822097031291
PN00006682,24.84303875538083
PN00002072,8.966292611132298
PN00004793,95.01924682159203
PN00006829,99.44959313733249
PN00009629,37.44948994651792
PN00008218,46.067726114256104
PN00007567,14.533366133006654
PN00005922,71.01807927776814
PN00001550,42.183360685284086
PN00001009,80.30151452544094
PN00003755,57.729671142457036
PN00008681,4.278380916663371
PN00009342,33.49545405035974
PN00008009,80.85961706701536
PN00003860,68.81138813839269
PN00003148,63.25319473789155
PN00002519,67.25046423160782
PN00003127,60.50368756235982
PN00009084,64.11243265875744
PN00005316,62.042110464087095
PN00001195,53.342793950465826
PN00009050,75.77471254274131
PN00000879,36.94925635212319
PN00006989,47.52383386405016
PN00002487,40.14495569196899
PN00002840,20.921049112192748
PN00004329,32.18889624998843
PN00002930,5.501507760990066
PN00006424,32.55276339226108
PN00002485,39.05830929331291
PN00005747,9.338409764882382
PN00000883,22.045512971209668
PN00004914,24.954174744284096
PN00006210,22.74702082086888
PN00009578,35.02217015239493
PN00000211,14.487610506997385
PN00002275,73.15013568444493
PN00002328,34.26548553177532
PN00004950,12.236523402169796
PN00003319,59.35997813267829
PN00009834,17.96481751174227
PN00004607,5.805632067769373
PN00001438,16.329214202474283
PN00000467,41.99948120491419
PN00005466,69.35089719274357
PN00003329,64.150088477126
PN00005828,0.5205979359825141
PN00008607,79.32906525140861
PN00000696,33.56877784624941
PN00007267,67.97156909555699
PN00009144,3.2673171706932846
PN00008180,39.37882433723108
PN00009938,1.9610501319103024
PN00001314,81.63455351451152
PN00002301,18.696718051616436
PN00002039,67.45479075190917
PN00007108,27.70661627261115
PN00003666,13.535111433764769
PN00000914,93.02953390465765
PN00000012,59.50246157866221
PN00008583,89.06310472988932
PN00006427,30.659940165063915
PN00001536,82.98353336783944
PN00000736,94.16823334062823
PN00008201,39.51838267867882
PN00008652,90.4131051198447
PN00000453,33.508574267910994
PN00004345,32.45999991272911
PN00000927,99.57326721950957
PN00006291,95.24104481773523
PN00008281,22.8618345971475
PN00008722,83.72020270371453
PN00006473,34.24578776409021
PN00000037,97.92433739780269
PN00005770,84.98176287600633
PN00002554,90.49193013125382
PN00007632,57.36735114895585
PN00009998,29.41513523211804
PN00006620,19.752500637670998
PN00000940,52.78719205461331
PN00007398,67.15157252329823
PN00006128,74.17886351237006
PN00009829,17.038321256296285
PN00002680,53.58879925710621
PN00004354,43.610982009521805
PN00003058,20.822421097781195
PN00007880,55.296231735882394
PN00000738,27.591372180645745
PN00000538,53.50545571095502
PN00003325,20.010934490087728
PN00004239,89.99425369158051
PN00001400,33.81028249195906
PN00004046,61.033460265779304
PN00005137,12.193298741989588
PN00004229,63.00171925284672
PN00004191,27.204033929140834
PN00009142,95.65315903711672
PN00005538,39.41542660413309
PN00002692,60.74065567118579
PN00005340,21.581336566329632
PN00009917,86.14762028764001
PN00007670,80.43329181204662
PN00009173,24.56353122757715
PN00001807,91.10485080061056
PN00005111,4.015502203412769
PN00003989,75.25731205167398
PN00003455,45.78687853426443
PN00002907,83.5459394476964
PN00006651,46.548596743600804
PN00008287,6.558209567040296
PN00006244,22.654553229584696
PN00002697,99.43748347169384
PN00004016,33.41776027693687
PN00004339,16.03052170254329
PN00004645,80.58308258054888
PN00007739,4.5069827390500805
PN00007091,6.640875146876257
PN00004692,29.75187794543661
PN00001739,4.740097463539672
PN00005406,99.57126838923057
PN00004588,69.11288860821325
PN00003125,51.95864408573571
PN00002157,80.51663899562637
PN00005333,66.24868006119337
PN00008636,17.326495367589455
PN00001825,21.96337996488893
PN00004230,86.76942857212914
PN00003487,33.69613267738214
PN00009053,44.76403426248784
PN00009768,39.113571212334655
PN00003647,5.202981200504242
PN00005902,70.45737172836195
PN00006385,54.007408078621566
PN00005638,67.61400818139303
PN00006423,27.823138966714332
PN00007826,40.691390832697685
PN00007743,19.264976227164798
PN00003012,41.968263143719774
PN00007671,65.34914117970338
PN00009548,94.4689043192468
PN00009977,66.34571998860078
PN00003080,52.515972999299876
PN00003520,41.63672224981614
PN00004978,10.554968426098032
PN00007619,47.70742969319903
PN00004347,15.510809316064378
PN00008440,58.218718307909015
PN00001346,73.0247077610584
PN00007087,94.64956116881925
PN00008947,29.685286768796658
PN00005651,39.690553875753295
PN00008081,18.29519395253323
PN00001791,87.79405098804325
PN00007428,82.40772244494228
PN00009579,77.4959894673236
PN00009959,5.729003854990133
PN00002270,55.67194419749216
PN00009766,23.50135620354691
PN00002955,11.968519672230693
PN00003443,78.16131001833894
PN00007735,21.158137510768192
PN00000833,50.08116982476696
PN00006498,52.60963484005408
PN00002991,21.328200403897156
PN00007792,49.226116632238224
PN00002150,5.2819897599996946
PN00004022,0.0072449638492178
PN00007614,88.03219316643703
PN00006123,41.55887020861522
PN00003338,90.74197989533556
PN00004343,49.63073597282596
PN00004463,43.11082945881648
PN00002375,29.591214065860726
PN00009043,8.168893759303874
PN00005570,30.969464926452183
PN00008598,60.847026517384165
PN00008503,76.27863472229892
PN00008879,54.082551765384366
PN00001886,75.82558436964189
PN00001197,15.775159165898744
PN00006426,58.32399316791738
PN00008910,88.26032270257103
PN00002935,21.79602076408034
PN00006341,22.76689383929903
PN00001429,74.84325130680506
PN00006306,81.20567848487956
PN00003649,24.804632969409923
PN00001937,33.156980418777785
PN00005171,63.17694004506118
PN00007763,39.84317131891898
PN00006392,62.40109701292529
PN00001153,49.64300320967251
PN00006249,77.3651309078725
PN00007036,84.58886469133242
PN00004228,86.38272093051602
PN00004974,61.15250777298431
PN00006400,61.25841045192504
PN00003639,44.96468988194058
PN00003971,2.761404496330544
PN00009593,29.918021946326245
PN00003375,6.36977185007408
PN00002486,43.778524885975315
PN00006953,84.94852489826143
PN00000605,59.68020177048212
PN00007443,67.5532598269557
PN00005927,18.800797177707494
PN00002453,26.195314970279426
PN00003608,16.313215297289453
PN00001483,84.26887622604306
PN00004518,28.031301298749256
PN00003037,56.23263097012292
PN00009351,14.112861301900848
PN00007691,12.398890832731169
PN00004115,34.758336321601746
PN00001426,33.035315806001734
PN00000496,32.885323381140786
PN00003352,60.09327870197561
PN00008793,31.599015604044446
PN00000758,76.87358689747713
PN00000837,9.067076824664133
PN00004326,32.47858577376286
PN00002127,66.91931285020627
PN00001022,60.293211047753005
PN00008761,11.951561836705537
PN00005613,43.947349313483755
PN00005580,30.922146287453668
PN00001057,63.18704323147726
PN00009541,12.987027957280361
PN00006855,67.05659229837076
PN00007348,46.38325312697897
PN00009044,27.488998791925702
PN00002128,74.7443993664076
PN00002766,18.790985531324612
PN00002108,15.223793856305178
PN00003616,1.5355936564545813
PN00001544,86.1300356312702
PN00006913,49.236554071343775
PN00001718,51.67156093215455
PN00007434,11.476261670583533
PN00007364,10.777613604762736
PN00006234,33.37834048947029
PN00000724,51.62306440186114
PN00006672,70.08722190433495
PN00008028,49.92703565129284
PN00005491,83.15584310390406
PN00001127,37.7392331746989
PN00002956,2.8087991954701463
PN00005155,42.615227502611276
PN00004816,8.500262931736602
PN00006201,32.205442736369164
PN00006223,98.51546831184075
PN00008685,85.73542571210433
PN00007113,23.6455713158939
PN00005274,37.59624313127088
PN00008535,43.11651309443108
PN00003043,76.38683777001857
PN00006911,3.345712782056509
PN00000149,3.8622770027903375
PN00007573,11.711786752871545
PN00004205,62.83249825850742
PN00005492,41.45466172444473
PN00002689,84.89256287623338
PN00004220,28.405789022783722
PN00009101,48.925202980943375
PN00000841,70.67857215297443
PN00008136,54.52011971650093
PN00006437,31.679997775695934
PN00009699,15.25427686133508
PN00006199,54.060341862441206
PN00002794,14.215650226214827
PN00007625,93.93044596914456
PN00008474,53.989061061064035
PN00007889,17.491530485692618
PN00006607,72.06425469169075
PN00009194,10.354719431977221
PN00008247,77.16447899740201
PN00001392,45.728911107904366
PN00001921,13.266195551253201
PN00007018,3.7211036308801515
PN00003621,99.3377993689905
PN00004848,27.43682900876313
PN00002291,95.22486220717062
PN00002133,50.183633673705074
PN00000550,50.30153839254815
PN00001740,9.10697183721334
PN00005289,95.0705818837975
PN00001817,73.28958645500869
PN00004698,51.87278381595512
PN00005181,12.025713907388603
PN00003018,17.567656948828546
PN00000017,43.21666051417837
PN00001770,36.22588207322169
PN00001888,55.81380068713327
PN00002152,7.634397475720878
PN00001642,4.034601931833981
PN00007846,51.11030866900542
PN00004193,2.8501380929072284
PN00009432,5.95519540101761
PN00008898,37.63414581904063
PN00000533,6.177906973480196
PN00000132,38.54696266163501
PN00007722,24.175051590943642
PN00008458,18.777029710908767
PN00000964,40.46798314862629
PN00008719,11.990390563125708
PN00006412,34.963936711927076
PN00008285,43.48736293666029
PN00007853,83.00029469601378
PN00001095,93.28061824822223
PN00006929,30.833843446623256
